fips,exp_police,pop_tot,ft_sworn,rev_prop_tax,violent.crimes,dissim_bw,dissim_wl
01001,9316230.000000002,55049,45.88888888888889,8706840,607,54.3,42.72
01007,2847150,22572,6.222222222222222,2052390.0000000002,39.111111111111114,65.22,44.52
01021,7456980.000000001,43817,14.105263157894736,10617150.000000002,227.73684210526315,65.22,44.52
01033,10491720.000000002,54377,17.344827586206897,13922730.000000002,182.20689655172413,42.04,29.43
01061,4391160.000000001,26765,8,6963030.000000001,115.05,45.25,26.05
01067,2562990.0000000005,17187,9.333333333333334,2282160.0000000005,104.66666666666666,45.25,26.05
01081,28720140.000000004,153947,79.4,50913480,924.6,33.68,24.61
01083,14771880.000000002,90257,31,15299130.000000002,133.91666666666666,49.35,40.55
01085,2465310.0000000005,10565,6.2727272727272725,3271170,68,54.3,42.72
01089,75205830,349973,69.29729729729729,128004090.00000001,1086.918918918919,49.35,40.55
01097,108014100,414291,67.53846153846153,107978580.00000001,845.3461538461538,58.99,24.85
01101,62955870,227392,220.15384615384613,58509210.00000001,990.4615384615385,54.3,42.72
01103,27250500.000000004,119555,31.566666666666666,31810380,275.23333333333335,57.77,55.18
01113,9411690,58636,56,13536450,646.625,54.75,36.61
01115,20961240,86576,13,11737140.000000002,97.3,65.22,44.52
02020,137557860.00000003,299321,167.42857142857144,537954840.0000001,2375.214285714286,41.25,29.1
02090,8808960.000000002,100150,23.5,16657770,179.4375,37.42,26.71
02170,11384160.000000002,98679,19,1694970.0000000002,95.875,41.25,29.1
04005,33221190.000000004,138064,39,37785510,441.54166666666663,28.14,29.93
04019,355455300.00000006,1003338,183.1818181818182,500635530,1498.2045454545455,34.51,46.17
04021,113642910,397604,53.255319148936174,126303570,335.02127659574467,41.31,49.34
04025,52480800,218586,34.06382978723404,63569700.00000001,173.2127659574468,16.21,24.08
04027,40814700.00000001,203292,49.76923076923077,54043680.00000001,359.3076923076923,36.02,49.53
05025,730380.0000000001,8421,5,976800.0000000001,16,61.36,29.66
05031,17552430,102884,22.65714285714286,13820610,189.54285714285714,43.28,30.81
05047,1933620.0000000002,17799,7.333333333333333,3041400,91.58333333333334,50.36,48.29
05051,16766550.000000004,97119,69.14285714285714,6644460.000000001,852.1428571428571,46.14,27.74
05053,2662890.0000000005,18046,14.5,2073480,97.625,57.97,39.73
05069,18079680,72385,45.6,13048050.000000002,550.35,61.36,29.66
05079,1179930,13935,6.5,1428570.0000000002,35.625,61.36,29.66
05087,1952490.0000000002,15761,9,1904760.0000000002,97.5,38.57,48.67
05111,5010540.000000001,24131,6.916666666666666,2328780,58.041666666666664,43.28,30.81
05119,110617050,391806,97.54545454545455,128481390.00000001,1426.4318181818182,57.97,39.73
05125,12003540,115577,42.5,18396030.000000004,386,57.97,39.73
05131,25068240,127351,55.5,31456290.000000004,713.5,50.36,48.29
05143,42302100.00000001,219930,40.1,33005850.000000007,355.975,38.57,48.67
06001,721068210.0000001,1605217,176.11111111111111,1564257510.0000002,1295.375,56.63,48.32
06007,52576260,223877,46.666666666666664,124509810.00000001,356.3333333333333,32.85,24.74
06013,436961490.00000006,1107925,93.72222222222223,873343560,541.9583333333334,56.63,48.32
06017,49906710.00000001,183000,79.33333333333333,127194900.00000001,490,54.45,38.85
06025,53488680.00000001,178807,38.57142857142857,81815880,147.85714285714286,54.97,40.91
06029,220615830.00000003,871337,86.83333333333333,557336550,918.9791666666666,50.33,52.33
06031,32672850.000000004,150261,44.75,85727520,416.375,38.91,35.58
06039,27745560,153366,52.333333333333336,63408750.00000001,554.3333333333334,55.64,48.35
06041,99067500.00000001,259358,41.57142857142857,345780540.00000006,147.1904761904762,54.13,50.11
06047,63977070.00000001,265001,47.714285714285715,112548450.00000001,447.35714285714283,32.04,30.48
06053,145186890,430201,50.6,249936480,307.01666666666665,51.63,60.91
06069,14236860,58051,29.5,38125170.00000001,243.375,38.59,47.62
06075,419481210,850282,419.4,1609085970.0000002,2398.15,54.13,50.11
06077,243166590.00000003,714860,122,364859220.00000006,1453.09375,45.2,34.06
06079,83413170.00000001,278680,39.6,253320870.00000003,211.5,47.34,28.36
06081,357275700,754748,63.184615384615384,815574720.0000001,260.3692307692308,54.13,50.11
06085,670809630,1885056,178.73333333333335,1903832040.0000002,834.05,38.59,47.62
06087,98693430.00000001,270931,61.5,212288610.00000003,423.5,24.17,55.36
06095,192518400.00000003,429596,64.57142857142857,332213010,560.9142857142857,41.54,29.15
06097,182123250.00000003,497776,66,430139430.00000006,372.65,30.66,34.81
06101,24802950,95406,85,54634200.00000001,574.625,26.39,24.61
06107,112612830.00000001,455769,88.3,206280180.00000003,513.125,32.32,37.53
06113,65127030.00000001,209671,55.333333333333336,150968880,325.125,54.45,38.85
06115,19910070.000000004,73897,31,25835250.000000004,251,26.39,24.61
08001,117657780.00000001,479977,120.625,187812000.00000003,539.71875,59.37,48.78
08014,17594610,62449,105,42847110,198.5,59.37,48.78
08019,6039510,9238,14.076923076923077,26274810,38.30769230769231,59.37,48.78
08031,249980880.00000003,663303,775.5,397415520,4633.375,59.37,48.78
08039,2099010,24225,11.23076923076923,7136190.000000001,9.076923076923077,59.37,48.78
08041,167444610.00000003,665171,144.02941176470588,87981930.00000001,645.0294117647059,37.22,30.26
08047,6790980.000000001,5708,18.666666666666668,4753020,22.583333333333332,59.37,48.78
08059,185537610.00000003,558810,186.3,237902970.00000003,414.125,59.37,48.78
08069,76028340.00000001,325228,76.63636363636364,146142600,447.0909090909091,22.24,21.51
08077,75333480.00000001,148166,44.61904761904762,51915810.00000001,291.23809523809524,21.23,23.07
08093,3368850.0000000005,16440,21.857142857142858,9732480.000000002,49.714285714285715,59.37,48.78
08101,41797050,162158,140.66666666666666,69242910,753,30.99,29.81
08119,7361520,23472,33.666666666666664,11401920.000000002,53.916666666666664,37.22,30.26
09007,30931260.000000004,164438,203.28571428571428,475233180.00000006,538.9285714285714,62.32,58.36
09011,66072750,272033,40.5,615841320.0000001,253.8,48.92,45.59
11001,625776930,659009,2092,2084300280.0000002,11028,64.13,48.15
12003,5556660.000000001,27312,42,7412580.000000001,270,52.06,27.59
12005,67862070,178361,46.55555555555556,83256660,394.6666666666667,43.7,19.32
12009,161505000,560683,83.85714285714286,317590980.00000006,660.7321428571429,45.24,24.96
12011,1145359050,1863780,233.11111111111111,1472436090,917.9166666666666,57.58,33.19
12015,68972070,169642,160,127655550.00000001,745.125,43.66,26.19
12019,50937900,200346,108.33333333333334,71014470,847,52.06,27.59
12021,176908470,348236,245.33333333333334,328996230.00000006,964.25,55.53,48.07
12033,81385200.00000001,309574,141.75,132611700.00000001,1965.5625,46.8,21.62
12039,10445100,46153,19.2,14514360,114,43.89,31.8
12041,3315570,17033,12,6610050,49.57142857142857,40.7,22.42
12053,37191660,176797,136.5,60911250.00000001,1195.5,54.32,40.67
12057,431994240.00000006,1323059,407.6666666666667,775299480.0000001,2646.7916666666665,54.32,40.67
12065,5012760,14082,14.5,5664330.000000001,84,43.89,31.8
12069,83722860,317586,48.08,145002630,293.52,49.29,40.2
12071,198635610.00000003,680970,181,432030870.00000006,1039.125,59.25,40.2
12073,95808540.00000001,284788,161.42857142857142,169366020.00000003,777.4642857142857,43.89,31.8
12085,56869740.00000001,153592,120.75,164681820,313.375,46.38,37.45
12086,1201935750,2664418,192.59420289855072,2711501340.0000005,1025.1666666666667,72.98,46.06
12095,417133560.00000006,1256055,221.5531914893617,859980270,1805.063829787234,49.29,40.2
12097,92239890.00000001,311962,197.66666666666669,177482340.00000003,1671.1666666666665,49.29,40.2
12099,677547330.0000001,1398757,124.83168316831683,1435317690.0000002,556.8316831683169,57.31,42.61
12101,111056610.00000001,488310,118,185890590.00000003,1323.7,54.32,40.67
12103,423038760,939548,156.84615384615384,610558830.0000001,1224.0576923076924,54.32,40.67
12105,180799020.00000003,637691,108.9,275036910.00000006,998.125,42.79,32.29
12109,77270430.00000001,218362,111.66666666666667,146250270.00000003,593.5833333333334,52.06,27.59
12111,99004230.00000001,293136,210,189182850,1145.4166666666667,46.38,37.45
12113,38049690,163903,76.33333333333334,52627320.00000001,379.4166666666667,46.8,21.62
12117,126043830.00000001,442905,108.875,248376930.00000003,610.59375,49.29,40.2
12127,176962860.00000003,510806,83.64285714285715,341010870.00000006,586.4464285714286,51.39,43.61
13007,612720,3250,1.8,1531800.0000000002,9,51.91,36.82
13013,14122530,73340,48.25,22181130,230.8125,58.35,49.45
13021,43445400,154194,162.1818181818182,91372980.00000001,867.8181818181819,51.12,34.1
13025,1758240.0000000002,18403,6.363636363636364,8618040,93.27272727272727,53.72,42.64
13027,3039180.0000000005,15645,17,6482400.000000001,120.625,44.27,28.84
13029,8507040,34104,23.333333333333332,14336760.000000002,80.83333333333333,48.72,34.69
13035,5110440.000000001,23479,26,13052490.000000002,86.125,58.35,49.45
13045,23364390.000000004,113756,32.36666666666667,34687500,256.5,58.35,49.45
13047,8562540,65645,36.666666666666664,13336650.000000002,332.3333333333333,62.95,38.84
13051,120188580.00000001,282613,73.18181818181819,230061930.00000003,400.3181818181818,48.72,34.69
13053,652680.0000000001,11882,6,407370.00000000006,1,54.75,36.61
13057,30721470,230629,78,89961060.00000001,225.125,58.35,49.45
13059,30567180.000000004,122037,103.73333333333333,53648520.00000001,817.5333333333333,41.66,44.95
13063,81314160,270269,76.76470588235294,149510340.00000003,631.7352941176471,58.35,49.45
13067,181655940,728388,113.8780487804878,370060680.00000006,875.9268292682927,58.35,49.45
13073,23456520,139904,78.66666666666667,33642990.00000001,344.1666666666667,44.62,29.88
13077,23062470,135625,57.25,52315410,333,58.35,49.45
13079,1586190,12483,11,4737480.000000001,116,51.12,34.1
13083,3599730.0000000005,16356,16,4168050,47.75,62.95,38.84
13089,149141820,723902,117.23404255319149,404808120.00000006,1243.5106382978722,58.35,49.45
13095,25206990,92326,79.52631578947368,49103070.00000001,354.4736842105263,51.91,36.82
13097,24772980.000000004,138283,157,49389450.00000001,660,58.35,49.45
13101,532800.0000000001,4025,8,1904760.0000000002,7,44.27,28.84
13103,8894430,55852,22.5,19981110,84.4375,48.72,34.69
13113,27038490,109495,66.25,59133030.00000001,83.5,58.35,49.45
13115,16308120,96199,61.25,47521320.00000001,500.125,46.71,52.14
13117,35685390.00000001,203841,133,82439700.00000001,342.875,58.35,49.45
13121,354171030,996757,166.26436781609195,1055573370.0000001,935.7126436781609,58.35,49.45
13127,25298010.000000004,82623,54.75,41465160,475.3125,53.72,42.64
13135,177326940,874242,111.85714285714285,430721070.00000006,891.7428571428571,58.35,49.45
13139,28420440.000000004,190482,65,74176860,317.22222222222223,43.61,52.9
13143,5517810,28667,21.25,12370950,122.8125,58.35,49.45
13145,4319010,32992,19.666666666666668,10974570.000000002,27.833333333333332,54.75,36.61
13149,2063490.0000000002,11571,12,4939500,59.5,58.35,49.45
13151,34062570,214171,85.6,73742850,427.5,58.35,49.45
13153,31754880,149137,70.25,74981610,841.375,24.3,28.06
13159,2012430,13571,14.333333333333332,6158280.000000001,66.5,58.35,49.45
13169,4337880,28701,28,12910410.000000002,82.375,51.12,34.1
13171,3842820,18195,18,6012870.000000001,146.08333333333334,58.35,49.45
13173,1730490.0000000002,10382,10,3653010,57.25,44.27,28.84
13177,4847370.000000001,29134,39,13807290,134.75,51.91,36.82
13179,13124640.000000002,63949,50,22852680,401.08333333333337,26.67,22.99
13183,2213340,17243,11.142857142857142,4996110.000000001,77.28571428571429,26.67,22.99
13189,4122540,21558,16,7140630.000000001,131.5,44.62,29.88
13191,3761790.0000000005,13941,34.800000000000004,8725710.000000002,117,53.72,42.64
13195,2458650,28362,18,9696960.000000002,146.25,41.66,44.95
13197,834720,8646,5.5,2487510,38,54.75,36.61
13207,6640020,27044,34,18511470,50.5,51.12,34.1
13213,4022640.0000000005,39358,18.333333333333332,9070920,201.91666666666666,36.72,42.93
13215,54060330,200303,214.22222222222223,110598180.00000001,1918.3333333333333,54.75,36.61
13217,17724480.000000004,103901,54.25,37296000,237.1875,58.35,49.45
13219,4518810,35071,27,12998100,52.5,41.66,44.95
13221,1106670,14743,19,4100340,197.25,41.66,44.95
13223,19013190.000000004,149830,69,44983860,574,58.35,49.45
13227,5819730.000000001,29992,28.857142857142858,12034620,129.14285714285714,58.35,49.45
13245,44343390.00000001,201418,104.8,63659610.00000001,776.75,44.62,29.88
13247,18286140.000000004,87569,108.5,40712580,509.25,58.35,49.45
13255,16329210.000000002,64006,105,35098200.00000001,713,58.35,49.45
13273,2269950.0000000005,9132,11,4976130,52.875,51.91,36.82
13289,2293260,8363,12.625,4735260,35.625,51.12,34.1
13295,9590400.000000002,68143,24.4,11404140.000000002,301.85,62.95,38.84
13297,17698950,87436,51.75,44574270.00000001,251.8125,58.35,49.45
13313,17284920.000000004,103653,53.5,28314990,373.375,36.72,42.93
13321,5069370.000000001,20988,10.5,6632250.000000001,39.3125,51.91,36.82
15003,269100630,986999,1934,902784090.0000001,7170,32.14,31.94
16019,20912400,108989,77,58444830,591.875,21.04,25.3
16041,2258850.0000000005,13013,8,4027080.0000000005,21.75,28.68,31.07
16045,2642910.0000000005,16853,13,11944710.000000002,53.875,24.57,36.19
16069,10990110,39995,28.333333333333336,31952460.000000004,175.5,23.94,15.58
17005,3782880,17137,10.5,3948270.0000000005,2.75,70.65,30.65
17007,10387380.000000002,53656,41.5,17271600.000000004,34,54.78,39.16
17037,27769980.000000004,104458,21.186046511627907,49741320.00000001,25.837209302325583,75.87,56.96
17043,325975920.00000006,930514,55.84375,359080560.00000006,21.328125,75.87,56.96
17053,3119100.0000000005,13758,8,4790760,11.75,52.26,37.12
17063,11226540,50338,21.75,28427100.000000004,10.25,75.87,56.96
17073,12513030,49681,16.11111111111111,18666870.000000004,12.222222222222221,47.84,37.75
17083,3750690.0000000005,22441,11,5228100,10.416666666666666,70.65,30.65
17117,10247520,46482,10.878787878787879,6704400.000000001,8.09090909090909,70.65,30.65
17119,71290860,266759,25.450704225352112,107075040.00000001,31.676056338028168,70.65,30.65
17123,2040180.0000000002,12060,5.923076923076923,5574420,5.615384615384615,68.62,35.86
17129,2194470.0000000005,12576,5.444444444444445,4422240.000000001,2.7777777777777777,54.05,20.61
17131,2296590,15971,8.666666666666668,6141630,11.166666666666666,47.84,37.75
17133,6411360.000000001,33703,10.75,13630800.000000002,3,70.65,30.65
17161,46603350.00000001,146536,32.92307692307692,80754720,51.666666666666664,47.84,37.75
17175,1053390,5840,5,1797090.0000000002,4,68.62,35.86
17179,33611910,135400,17.152173913043477,33861660,25.47826086956522,68.62,35.86
17201,101599410,288896,56.375,113930400.00000001,630.475,54.78,39.16
18111,1418580.0000000002,14022,14,6747690.000000001,40.25,76.8,43.74
18163,50390670.00000001,181692,202.42857142857142,123338760.00000001,2053.285714285714,49.98,26.52
19061,21297570.000000004,96359,58.66666666666667,72568470,407,48.03,25.17
19077,1693860.0000000002,10691,5,8914410.000000002,19.5,48.83,46.71
19163,41031150,171116,34.40625,157551180.00000003,357.59375,47.84,37.75
20043,1494060.0000000002,7793,6.6000000000000005,5670990.000000001,48.550000000000004,37.89,28.64
20045,25694280.000000004,116352,47.588235294117645,76686570,393.2352941176471,24.97,18.67
20079,6838710.000000001,34814,9.137931034482758,18744570.000000004,78.75862068965517,54.76,42.33
20107,1994670,9524,4.3999999999999995,11385270,19.266666666666666,58.64,44.37
20121,5727600,32787,15.75,23707380,79.375,58.64,44.37
20139,3052500.0000000005,16001,5.68,10438440,21.08,49.22,43.16
20173,123647340.00000001,508221,50.617283950617285,329239320,749.5185185185185,54.76,42.33
20177,53680710.00000001,178567,94.73333333333333,123720600,266.35555555555555,49.22,43.16
20191,4471080.000000001,23509,7.720000000000001,17091780.000000004,55.72,54.76,42.33
20197,1067820.0000000002,6960,2.6999999999999997,5309130,22.6,49.22,43.16
20209,57597900,161777,79,106846380,643.3571428571429,58.64,44.37
21015,16968570,125656,95,23823930,365.375,66.9,36.87
21019,6217110.000000001,48716,26.333333333333332,10970130.000000002,157.91666666666666,50.32,25.47
21023,683760.0000000001,8404,3.5,1649460,21.125,66.9,36.87
21047,13125750.000000002,73936,28.75,12608490.000000002,173.6875,39.31,39.22
21049,4252410.000000001,35706,21.11111111111111,5096010,143.11111111111111,45.74,38.85
21059,16261500.000000002,98724,69,20129850.000000004,686.875,44.24,32.19
21061,742590,12086,4,1053390,14.75,37.7,38.12
21067,52842660,311529,130.8,95396730.00000001,896.95,45.74,38.85
21081,2263290.0000000005,24705,9.5,3547560.0000000005,40.25,66.9,36.87
21089,4004880.0000000005,36255,6.806451612903226,8136300.000000001,8.258064516129032,50.32,25.47
21091,679320,8716,3,707070,4.666666666666667,44.24,32.19
21101,6757680,46362,39,11976900.000000002,350.5,49.98,26.52
21113,8556990.000000002,51015,29.333333333333332,8451540,128.66666666666666,45.74,38.85
21123,808080,14127,4.5,1966920,8.75,40.4,32.3
21163,1269840.0000000002,28751,4.666666666666667,3818400.0000000005,16.166666666666668,56.24,38.69
21179,3885000.0000000005,44875,12.25,7485840.000000001,43.5,56.24,38.69
21191,1276500,14509,6.5,1972470.0000000002,26,66.9,36.87
21209,6233760,51348,26.53846153846154,6107220,160.69230769230768,45.74,38.85
21211,4240200.000000001,44967,16.666666666666668,7515810,98.66666666666667,56.24,38.69
21215,1375290.0000000002,17798,5.5,1531800.0000000002,11.75,56.24,38.69
21221,1435230,14267,7.5,2177820,53,39.31,39.22
21223,237540.00000000003,8751,3,470640.00000000006,2.5,56.24,38.69
21227,21980220,121066,43,25189230.000000004,277.8125,37.7,38.12
21239,6497940.000000001,25591,24,2939280,134.5,45.74,38.85
22005,26244840.000000004,117009,131.22222222222223,48596910,888.5555555555555,57.15,32.73
22015,46890840.00000001,124720,161.66666666666666,50829120,826.3333333333334,56.37,31.76
22019,67465800,197233,113.8,118665660,517.4666666666667,60.78,20.75
22023,3977130.0000000005,6739,48,31004520.000000004,103,60.78,20.75
22031,8568090,27047,34.63636363636363,29080890.000000004,191.8181818181818,56.37,31.76
22033,147926370.00000003,445337,193,177380220,1603.8333333333333,57.15,32.73
22037,3867240.0000000005,19756,34,3069150,28.875,57.15,32.73
22043,3656340,22372,14.76923076923077,4455540,34.61538461538461,59.48,36.01
22047,15003870,33159,27.384615384615383,21063360,204,57.15,32.73
22051,113598510.00000001,435204,227.8,264672840.00000003,1542.3,63.33,38.28
22055,70990050,234963,116.16666666666666,114667440.00000001,646.4583333333334,44.32,24.23
22057,28384920.000000004,97688,88.75,50692590.00000001,204.625,42.57,26.38
22063,21117750.000000004,135925,29.833333333333332,32414220,277.875,57.15,32.73
22071,159364920,382922,493.3333333333333,284390880,2647.6666666666665,63.33,38.28
22075,14719710.000000002,23584,145,36565620,215.25,63.33,38.28
22077,6689970,22366,66.66666666666667,12777210.000000002,184.66666666666666,57.15,32.73
22079,47024040,132373,117.06666666666666,47468040,1245.9333333333334,59.48,36.01
22087,14317890.000000002,44091,189,14477730.000000002,804.25,63.33,38.28
22089,20156490,52708,291,62811570.00000001,844.75,63.33,38.28
22091,1635030.0000000002,10714,22,3443220.0000000005,153.25,57.15,32.73
22095,12953700,43888,150,29865660.000000004,325.25,63.33,38.28
22099,13140180,53385,27.4,18814500,228.7,44.32,24.23
22109,30227520.000000004,113099,189,60732540.00000001,1041.125,42.57,26.38
22111,3594180.0000000005,22460,12.75,4977240.000000001,70.5,63.37,31.69
22121,11603940,25017,53.5,18191790,94.5,57.15,32.73
22125,4616490.000000001,15384,29,12323220.000000002,69.5,57.15,32.73
23001,15145950,107376,26,133095660,167.46428571428572,53.38,23.95
23031,37112850.00000001,200536,20.625,246256830.00000003,149.03125,45.2,23.77
24001,9897870,73060,22.5,62828220.00000001,361.6875,51.87,34.66
24003,128492490,559737,287.85714285714283,724661280,1685.7142857142858,64.31,39.76
24005,229203900.00000003,825666,606.75,942356700.0000001,3516.3125,64.31,39.76
24009,16867560,90527,110,167546730,706.5,64.13,48.15
24013,24660870.000000004,167535,21,247052700,239.57142857142858,64.31,39.76
24015,20408460.000000004,102175,26.047619047619047,128157270,285.23809523809524,50.26,44.64
24021,59501550,243465,83,397644180.00000006,641.3125,47.92,48.79
24025,71001150.00000001,249776,97.25,356241180.00000006,574.75,64.31,39.76
24027,92740500.00000001,308447,424,632709990.0000001,3289.75,64.31,39.76
24031,317876250,1026371,324.6470588235294,2240646000,1254.8235294117646,47.92,48.79
24033,270490350.00000006,897693,85.42857142857143,1250205210.0000002,308.19642857142856,64.13,48.15
24039,4882890,25899,12.666666666666666,21232080,33.833333333333336,41.96,31.57
24045,25078230.000000004,101527,26.6,92931420.00000001,394,41.96,31.57
24510,412414950,621000,501.38461538461536,847783590.0000001,2697.9615384615386,64.31,39.76
25011,9819060.000000002,70916,8.255813953488373,141718140,56.46511627906977,61.55,63.4
25013,103662900.00000001,468072,73.76666666666667,765621390,712.6333333333333,61.55,63.4
25015,35298000,161035,21.142857142857142,253389690.00000003,98.01785714285714,61.55,63.4
25017,322310700,1567610,51.76146788990826,4071042660,201.82110091743118,44.69,44.08
25021,148755540,691218,47.36538461538461,1809469830,149.60576923076923,67.84,62.02
25025,371723460,767719,317.25,2018197560.0000002,1838.78125,67.84,62.02
25027,147753210.00000003,813589,26.23111111111111,1439735490.0000002,171.76444444444445,49.29,52.67
26015,5843040.000000001,59316,10.4,23709600.000000004,90.4,61.35,50.4
26045,17304900,108544,21.083333333333336,50499450.00000001,143.41666666666666,52.64,36.03
26115,20589390.000000004,149945,23.88888888888889,81713760.00000001,273.25925925925924,43.12,18.61
26163,740130240.0000001,1767593,116.06077348066299,1397838540,1012.414364640884,79.62,51.78
27003,74441040.00000001,341249,39.63636363636364,293308620.00000006,170.72727272727272,50.19,42.5
27025,9946710.000000002,54041,17.75,49256250.00000001,49.375,50.19,42.5
27037,96589980.00000001,411402,43.81818181818182,353921280,157.02272727272728,50.19,42.5
27039,6081690.000000001,20361,15,15745350.000000002,62.75,46.35,31.25
27053,438203580,1209265,71.3015873015873,1623937770.0000002,442.6031746031746,50.19,42.5
27055,4531020,18791,4.888888888888888,11619480.000000002,13.777777777777779,31.84,19.71
27109,36369150,150104,92.5,142861440,439.5,46.35,31.25
27157,6116100,21327,10.466666666666667,19972230.000000004,17.6,46.35,31.25
28029,5193690.000000001,28780,13,11778210.000000002,42.5,55.77,42.92
28033,42234390.00000001,170890,71.88235294117648,111611610.00000001,416.88235294117646,62.22,50.67
28035,16809840,76274,82.8,50302980,372.2,49.26,39.08
28039,2752800,23313,15.4,8495940,54.4,51.26,32.51
28045,8616930,46028,36.66666666666667,23966010.000000004,285.6666666666667,40.58,30.65
28047,64611990.00000001,198570,93.60000000000001,123498600,891.5,40.58,30.65
28049,56749860.00000001,244596,123.92307692307692,148394790,591.3461538461538,55.77,42.92
28073,9903420,59623,32,27329310,95.8,49.26,39.08
28089,23223420.000000004,101791,60.66666666666667,65969520.00000001,145.5,55.77,42.92
28093,5615490.000000001,36196,15.222222222222221,16247070.000000002,111.55555555555556,62.22,50.67
28111,1840380,12174,1,6055050,0,49.26,39.08
28121,29219640.000000004,147930,43.57894736842105,62748300,104.47368421052632,55.77,42.92
28127,2707290.0000000005,27279,13,9972240.000000002,27.666666666666668,55.77,42.92
28131,5746470,17995,15.857142857142856,7050720,78,40.58,30.65
28137,4711950.000000001,28338,19.5,12064590.000000002,27,62.22,50.67
28143,9234090,10407,70,3788430.0000000005,302,62.22,50.67
29003,2420910.0000000005,17347,5.666666666666667,2186700.0000000005,22.166666666666668,37.89,28.64
29021,31277580,89415,64.66666666666667,20780310,547.5833333333334,37.89,28.64
29025,1103340.0000000002,9057,3.3333333333333335,628260.0000000001,33.416666666666664,58.64,44.37
29027,7988670.000000001,44693,13.75,6065040.000000001,137.1875,46.8,33.32
29043,9365070.000000002,82053,19.037037037037038,3548670.0000000005,96.22222222222223,42.27,19.63
29049,4105890.0000000005,20494,9.4,4247970,76.55,58.64,44.37
29051,26285910.000000004,76603,57.09090909090909,21934710.000000004,171.95454545454547,46.8,33.32
29059,2156730,16508,7,2620710,47.416666666666664,42.27,19.63
29063,781440,12706,3.2857142857142856,164280,12.857142857142858,37.89,28.64
29071,20139840,102063,27.71428571428571,13260060.000000002,155.46428571428572,70.65,30.65
29077,82294290.00000001,285449,48.6,42097860,609.775,42.27,19.63
29089,1339770.0000000002,10148,4.866666666666667,1118880,13.6,35.07,23.98
29095,337430010,683643,131.86153846153846,260758980,1134.5076923076924,58.64,44.37
29099,40059900,222453,32.333333333333336,17459190.000000004,257.44444444444446,70.65,30.65
29107,5448990.000000001,32789,9.25,3251190.0000000005,31.285714285714285,58.64,44.37
29113,7535790.000000001,54286,14.241379310344827,6506820.000000001,50.55172413793103,70.65,30.65
29119,1919190.0000000002,22720,6.666666666666667,1682760.0000000002,58.08333333333333,38.57,48.67
29135,1125540.0000000002,15840,5,1660560.0000000002,18.166666666666668,46.8,33.32
29145,4103670,58741,15,2035740.0000000002,136.9,32.23,36.11
29151,618270.0000000001,13704,7,799200,33.375,46.8,33.32
29177,3325560.0000000005,22921,7,4462200.000000001,72,58.64,44.37
29219,4775220,33290,13.4,3871680.0000000005,105.7,70.65,30.65
29221,2377620.0000000005,25002,15.5,1531800.0000000002,107.625,70.65,30.65
29225,2887110,37075,9,1313130,73.0625,42.27,19.63
29510,278871960,316030,1351,82628400.00000001,9399,70.65,30.65
30009,2672880,10340,4.733333333333333,9257400.000000002,18.666666666666668,24.92,24.6
30013,26099430.000000004,82049,58.5,51529530.00000001,420.25,32.38,21.36
30063,26278140.000000004,113101,54.333333333333336,85546590.00000001,433.9166666666667,15.13,11.92
30111,32584050.000000004,155344,68.33333333333333,97525710,567.4166666666666,24.92,24.6
31025,3124650,25463,34,13121310.000000002,88.875,58.21,48.79
31043,6480180,20697,19.77777777777778,9521580.000000002,62.77777777777778,44.76,53.03
31051,709290.0000000001,5809,7,3809520.0000000005,16.75,44.76,53.03
31055,120195240,543253,179.20000000000002,276233490.00000006,1441.15,58.21,48.79
31153,38935470,172460,72.5,67842090.00000001,368.5625,58.21,48.79
31155,2680650,20946,8,11916960.000000002,26.833333333333332,58.21,48.79
31177,3433230.0000000005,20338,20.428571428571427,13660770,63.85714285714286,58.21,48.79
32003,844302630.0000001,2070153,446.6666666666667,931702920,4705.194444444444,35.87,42.02
32029,3162390.0000000005,3941,26,12768330.000000002,46,31.75,39.93
32031,122378610.00000001,439914,122.625,306240120.00000006,834.78125,31.75,39.93
32510,18330540,54412,96,25322430.000000004,776,45.75,26.26
33013,35474490.00000001,147715,12.25,178119480,73.3125,38.27,44.5
33015,79920000,300365,16.257142857142856,391306080,80.12142857142857,25.38,21.51
33017,28054140.000000004,125913,16.37735849056604,216087030.00000003,140.58490566037736,25.38,21.51
34005,96092700.00000001,450236,25.816,486032370.00000006,76.088,52.29,50.14
34013,395146680.00000006,792586,130.45614035087718,1616212170.0000002,399.5,78.04,62.62
34015,71027790.00000001,291286,26.20618556701031,370914270,95.95876288659794,52.29,50.14
34017,265871640,668526,281.2307692307692,1132998090,536.1730769230769,79.13,63.1
34019,23187900,125708,12.357142857142858,144349950,17.892857142857142,78.04,62.62
34023,248875320.00000003,831852,60.892857142857146,1270944450.0000002,187.33928571428572,52.62,46.94
34027,160800150.00000003,498215,29.42105263157895,810180120.0000001,42.16447368421053,78.04,62.62
34031,168956430.00000003,507204,78.25,854270430,434.1875,79.13,63.1
34033,17520240,64504,29.258064516129032,82833750.00000001,96.70967741935483,50.26,44.64
34035,96715410,331686,34.83783783783784,446523030,72.51351351351352,52.62,46.94
34039,224111220.00000003,550436,68.39080459770115,1079175300,236.45977011494253,78.04,62.62
35001,232317450,674777,443.6666666666667,294650610.00000006,3336.666666666667,29.22,36.36
35013,53887170.00000001,213825,62.31818181818181,57888720.00000001,852.8181818181819,22.35,34.39
35043,28951020.000000004,138117,35.84615384615385,48608010,139.6923076923077,29.22,36.36
35045,38391570.00000001,122537,65,39584820.00000001,596,26.74,23.56
35049,38061900,147320,198.20000000000002,76183740,272.06666666666666,25.89,43.46
35057,2183370.0000000005,15599,9,4563210,40.416666666666664,29.22,36.36
35061,11673870,75993,26.8,15975120,207.65,29.22,36.36
36001,104819520,307891,66.63636363636364,213692760,397.3181818181818,58.6,38.85
36027,59988840.00000001,295905,38.2,259735560.00000003,193.1,45.99,36.51
36061,5623136790,1634989,36023,20205392160,51518.25,79.13,63.1
36063,49649190,213374,53.285714285714285,187151550.00000003,499.8928571428571,70.99,50.74
36069,19681410.000000004,109450,37.14285714285714,84136890.00000001,157.21428571428572,62.95,48.91
36073,5303580.000000001,41938,14.266666666666667,35079330,90.53333333333333,62.95,48.91
36079,31850340.000000004,99408,45.666666666666664,112081140.00000001,62.583333333333336,79.13,63.1
36093,34556520.00000001,154845,72.5,137671080.00000003,517.375,58.6,38.85
36117,13344420.000000002,91874,12.333333333333334,72920340.00000001,87.47222222222223,62.95,48.91
36119,442701300.00000006,969229,69.61635220125785,1945431510.0000002,148.33333333333334,79.13,63.1
37001,39533760,156372,52.666666666666664,118560210,500.9166666666667,40.76,43.99
37003,4999440.000000001,37211,19.5,19085340,128.5,40.93,38.82
37007,6859800,25883,26.5,17877660,184.125,53.08,47.64
37019,40896840.00000001,119167,23.560975609756095,150924480,91.6829268292683,45.84,32.09
37021,87097260.00000001,250112,67.06451612903226,254087880.00000003,279.48387096774195,46.15,35.29
37023,18319440.000000004,89082,42.5,59553720.00000001,128.5,40.93,38.82
37025,44495460.00000001,192296,139.66666666666666,225227880.00000003,246.83333333333334,53.08,47.64
37027,14537670.000000002,81623,38.5,53621880.00000001,180.875,40.93,38.82
37035,33086880.000000004,155461,42.125,137792070,209.625,40.93,38.82
37037,30876870.000000004,68778,35.666666666666664,71476230.00000001,199.5,47.4,47.98
37051,94581990,325841,173.25,271300650,1986.75,30.72,25.44
37053,9075360,24864,63,30897960.000000004,421.5,46.89,32.17
37059,8977680,41568,33,33228960.000000007,261.5,56.07,48.83
37063,97179390.00000001,294618,230,399114930.00000006,1208.9166666666667,47.4,47.98
37065,12927060.000000002,54669,30.363636363636363,35273580,82.72727272727272,35.86,34.62
37067,120169710,364691,137.5,393576030,1925.6666666666667,56.07,48.83
37069,8686860,62989,19.4,46437960.00000001,67.5,41.36,37.13
37071,74276760.00000001,211753,63.54545454545455,199322700,345.3030303030303,53.08,47.64
37081,158271570,511815,188.16666666666666,636261990.0000001,1148.1666666666667,54.07,41.07
37087,14361180.000000002,59577,24.941176470588236,57480240.00000001,118.76470588235294,46.15,35.29
37089,22973670.000000004,110905,47,89941080,116.5625,46.15,35.29
37093,6199350,51853,32.5,25998420.000000004,171.25,30.72,25.44
37101,31484040.000000004,182155,32.142857142857146,144135720,171.67857142857142,41.36,37.13
37115,4603170,21130,12.5,14283480.000000002,12,46.15,35.29
37119,358218090,1011774,258.4666666666667,1526788350,2700.766666666667,53.08,47.64
37127,31222080,94385,39.166666666666664,82257660,211.54166666666666,35.86,34.62
37129,77978610,216430,131.8,257547750.00000003,590.1,45.84,32.09
37133,41699370,185755,38.78260869565217,109063050,413.17391304347825,27.48,20.88
37135,36868650,139807,68.6,235362180.00000003,239,47.4,47.98
37145,9408360,39196,36.5,34869540,151.625,47.4,47.98
37151,29447190.000000004,142588,50.69565217391305,101535030.00000001,165.17391304347825,54.07,41.07
37157,19884540,91898,41.1,73637400.00000001,172.95,54.07,41.07
37167,13034730.000000002,60610,37,43083540,136.36363636363637,53.08,47.64
37169,6764340,46453,25.4,30782520.000000004,279.1,56.07,48.83
37179,41719350.00000001,217614,52,217868580.00000003,376.60869565217394,53.08,47.64
37183,235933830.00000003,998576,96.61290322580645,1137978660.0000002,395.9032258064516,41.36,37.13
37191,23978220,124447,67.33333333333333,80659260.00000001,389.5833333333333,39.81,38.52
37197,6768780.000000001,37819,19,26393580,211.66666666666666,56.07,48.83
38015,19751340,90560,66.75,34587600.00000001,356.25,23.51,15.59
38035,14183580.000000002,69793,21.90909090909091,38859990.00000001,146.9090909090909,34.27,30.4
38059,6095010,29633,24.5,16692180,239.5,23.51,15.59
39015,9037620,44059,9.411764705882353,4880670,73.70588235294117,66.9,36.87
39085,72054540.00000001,229266,25.946428571428573,92955840.00000001,66.19642857142857,72.56,52.26
39097,7851030.000000001,43537,16.75,7575750.000000001,114.0625,59.95,41.45
40017,17730030.000000004,129571,26.523809523809522,17936490,126.95238095238095,48.95,47.01
40027,44821800,271818,48,36876420.00000001,238.03571428571428,48.95,47.01
40037,10789200,70931,13.4375,10284150.000000002,80.375,54,45.25
40051,7052940.000000001,53955,10.333333333333334,4380060,82.54166666666667,48.95,47.01
40079,5528910.000000001,49885,8.32258064516129,4282380,60.225806451612904,50.36,48.29
40081,4907310,34640,6.363636363636363,2687310.0000000005,26.113636363636363,48.95,47.01
40083,5379060,45171,13.333333333333334,3503160.0000000005,105.41666666666667,48.95,47.01
40087,6803190.000000001,37222,11,27175020.000000004,67.16666666666667,48.95,47.01
40109,231237420,764698,87.23076923076923,185055870.00000003,616.6410256410256,48.95,47.01
40113,1975800.0000000002,47923,14.4,3404370.0000000005,70.05,54,45.25
40117,1369740,16444,8.75,1138860.0000000002,27.9375,54,45.25
40135,5090460,41344,10.200000000000001,2494170,148.6,50.36,48.29
40143,151450620.00000003,629823,105.38461538461539,196210260,931.1153846153846,54,45.25
40145,6541230.000000001,76190,13.666666666666666,4744140,232.08333333333334,54,45.25
41053,12970350,78470,17,20657100.000000004,113.4375,28.25,41.95
42011,91079940,414097,17.01298701298701,217612170,89.46103896103897,46.6,68.72
42013,13517580.000000002,125917,8.968253968253968,37357050,90.46031746031746,40.37,22.37
42017,174490890,626220,20.974358974358974,321328350.00000006,42.044871794871796,73.73,58.79
42049,36408000,279133,22.599999999999998,129334980.00000001,142.71666666666667,62.8,48.65
42069,35112630.00000001,213006,12.804597701149426,96076050,59.758620689655174,49.33,52.72
42075,16541220.000000002,136950,9.745098039215685,39913380.00000001,33.92156862745098,35.54,55.96
42091,195492090.00000003,815876,26.693877551020407,368680950,62.816326530612244,73.73,58.79
42101,677224320.0000001,1559938,6624,555775890,40630.5,73.73,58.79
42131,3254520.0000000005,27975,3.8000000000000003,11093340,11.799999999999999,49.33,52.72
44001,9198570.000000002,49228,30.666666666666668,124228980.00000001,139.5,50.81,60.11
44003,42448620,164886,63,426821640,182.58333333333334,50.81,60.11
44005,31733790.000000004,82714,35,240192900.00000003,213.05,50.81,60.11
44007,203992470.00000003,631344,86.26315789473685,1291861290,382.61842105263156,50.81,60.11
44009,31953570.000000004,126319,27.923076923076923,356162370.00000006,80.53846153846153,50.81,60.11
45015,29575950.000000004,199081,46.72727272727273,48727890.00000001,646.9545454545455,40.84,39.79
45017,2616270.0000000005,14886,11.4,9735810.000000002,98.3,48.32,34.9
45031,11563980.000000002,67689,24.842105263157894,23142390.000000004,404.8421052631579,35.88,22.15
45041,27648990,138575,39.885714285714286,37544640.00000001,366.0857142857143,35.88,22.15
45045,79999920.00000001,482191,94.5,169368240.00000003,1118.09375,42.73,37.87
45055,7845480.000000001,63090,25,17862120.000000004,290.2,48.32,34.9
45063,56018370,277702,36.943396226415096,115199130,382.188679245283,48.32,34.9
45079,80455020,401743,202.20000000000002,210078600,1404.45,48.32,34.9
45081,2858250.0000000005,20113,16,8646900.000000002,135.625,48.32,34.9
45083,47491350.00000001,294229,37.89090909090909,120135300.00000001,307.54545454545456,41.94,37.3
45091,43112400,245606,55.42857142857142,113951490,698.7142857142857,53.08,47.64
46083,3093570,51396,7.352941176470588,15068250.000000002,40.23529411764706,44.46,38.94
46087,760350,5616,6,4050390.0000000005,17.75,44.46,38.94
46093,4232430,26840,10.142857142857142,13704060.000000002,35.214285714285715,26.38,22.59
46125,1240980,8289,3.8000000000000003,6408030.000000001,17,44.46,38.94
46127,2749470.0000000005,14842,4.444444444444445,7998660.000000001,13.38888888888889,44.76,53.03
47001,20509470,75545,29,62054550,158.3684210526316,51.87,33.58
47011,18791190.000000004,102860,97.33333333333334,55497780.00000001,669.9166666666666,38.88,30.34
47015,2338770,13855,11,6057270,45.5,54.95,47.86
47019,7430340.000000001,56707,27.909090909090907,25218090.000000004,223.36363636363637,45.61,28.51
47021,5578860.000000001,39575,13.75,23776200,162.5625,54.95,47.86
47023,2220000,17355,15,6239310,110.125,49.1,34.36
47037,221709180.00000003,667885,212.42857142857142,878067720.0000001,2843.057142857143,54.95,47.86
47043,9978900.000000002,50926,23,35919600.00000001,248.21052631578948,54.95,47.86
47047,5445660.000000001,39071,11.851851851851851,18231750,64.48148148148148,62.22,50.67
47057,2255520,22813,4.5,9680310.000000002,44.375,38.73,45.5
47063,10914630.000000002,63203,58,38177340.00000001,365.6666666666667,38.73,45.5
47073,5670990.000000001,56567,14.8,31615020.000000004,154.05,40.22,20.44
47081,2740590,24251,19,9892320.000000002,196.5,54.95,47.86
47089,7016310,52851,16.599999999999998,31591710.000000004,112.1,38.73,45.5
47093,103535250.00000001,448164,294.3333333333333,396580800.00000006,2494.9166666666665,51.87,33.58
47111,3547560.0000000005,22924,15,8873340,91,54.95,47.86
47113,31504020.000000004,98128,135,92076720,1817.625,49.1,34.36
47125,36082770.00000001,189709,179.66666666666666,139467060.00000003,1397.3333333333333,39.31,39.22
47147,15847470.000000002,67905,17.833333333333332,47695590.00000001,161.83333333333331,54.95,47.86
47149,65216940,290289,106.09523809523809,209933190.00000003,1167.7142857142858,54.95,47.86
47153,2024640,14710,15.5,7309350,101.5,62.95,38.84
47157,455097780,936990,253.1,1286400090,4463.45,62.22,50.67
47159,3580860,19176,8.75,8367180,61,54.95,47.86
47161,2395380,13257,8.666666666666668,6929730.000000001,40.666666666666664,39.31,39.22
47163,31884750.000000004,156644,69.63636363636364,139189560.00000003,663.5454545454545,40.22,20.44
47165,32817150,172786,38.25,121406250.00000001,288.8125,54.95,47.86
47167,10398480.000000002,61558,25.166666666666668,31023390.000000004,301.1666666666667,62.22,50.67
47169,1428570.0000000002,7970,16,4239090,177.5,54.95,47.86
47173,2099010,19081,7.666666666666667,6632250.000000001,86.58333333333333,51.87,33.58
47179,25528890.000000004,126044,67.5,98815530.00000001,495.75,45.61,28.51
47187,31838130,205645,61,218718840.00000003,222.79999999999998,54.95,47.86
47189,25133730.000000004,125616,79.5,81640500,390,54.95,47.86
48007,4958370.000000001,24729,22,15829710.000000002,139.25,43.29,42.21
48009,1854810.0000000002,8750,5,4846260,17.42857142857143,48.74,35.19
48011,340770.00000000006,1913,3,1437450,6,56.3,45.5
48013,6620040.000000001,47710,12.578947368421053,18864450,97.36842105263158,47.74,46.08
48019,2958150,21015,28,12854910.000000002,124.75,47.74,46.08
48021,13967130.000000002,78286,28.5,36803160,281.375,48.4,43.23
48029,441640140,1858699,124.74226804123711,1126545660.0000002,1364.3298969072164,47.74,46.08
48039,63395430.00000001,338419,25.238095238095237,187850850,165.78571428571428,60.61,52.51
48041,39802380.00000001,209896,97.25,111354090.00000001,768.875,42.51,38.24
48055,5915190.000000001,39848,17.5,16925280.000000004,126.625,48.4,43.23
48057,5110440.000000001,21805,16.11111111111111,19277370.000000004,103,41.3,33.61
48059,2131200.0000000005,13596,5,3892770.0000000005,22.75,43,35.57
48061,78559140.00000001,418785,37.542857142857144,141744780,402.5571428571428,32.25,40.22
48077,1385280.0000000002,10367,11,6162720,33.75,48.74,35.19
48091,31429650,124234,54,60958980,389.8125,47.74,46.08
48099,9662550.000000002,75710,30,20500590,361.75,41.26,24.74
48107,1024530.0000000002,5987,3,3561990.0000000005,6.5,46.16,36.11
48135,26519010.000000004,153177,66.25,64259010,1185,39.31,33.77
48139,29950020.000000004,160225,27.486486486486488,103710630,115.86486486486487,55.07,51.93
48141,178672260,833592,145.5581395348837,433924530,1179.046511627907,29.94,43.26
48167,92520720,314485,54.666666666666664,252523890,348.7833333333333,60.61,52.51
48183,29935590.000000004,123283,64.8,61407420.00000001,494.65,37.56,35.94
48187,22962570.000000004,147313,40.6,60760290.00000001,299.7,47.74,46.08
48199,9732480.000000002,55624,14.2,16401360,87.3,67.27,50.81
48209,36308100.00000001,185686,68,82465230.00000001,343.4375,48.4,43.23
48231,16610040,89068,20.40740740740741,38676840.00000001,187.40740740740742,55.07,51.93
48235,492840.00000000006,1631,4,2295480,8,33.53,36.38
48251,30849120.000000004,157544,30,92557350,198.71875,56.3,45.61
48259,9167490.000000002,39010,35.5,24243510.000000004,132.5,47.74,46.08
48281,3959370.0000000005,20357,17,8731260,114.875,41.26,24.74
48309,63730650.00000001,243394,42.08771929824562,129642450.00000001,264.89473684210526,51.17,44.32
48325,6207120.000000001,47920,15.25,16698840,69.5,47.74,46.08
48329,30134280.000000004,155817,76,66032790.00000001,783.5833333333333,47.49,41.02
48339,78271650.00000001,518849,48.73469387755102,200221800.00000003,368.46938775510205,60.61,52.51
48355,96595530.00000001,355667,80.85714285714286,207912990.00000003,1273,43.29,42.21
48361,21943590,83751,23.185185185185183,39378360,141.1851851851852,67.27,50.81
48375,48061890.00000001,121883,113.60000000000001,79131900.00000001,1310,56.3,45.5
48395,3365520.0000000005,16537,7,7737810,47.25,42.51,38.24
48397,18464850.000000004,88010,34.25,56615550,112.8125,55.07,51.93
48441,34743000,135234,57,71845860,797.875,43,35.57
48451,22056810,116264,71,57700020.00000001,928.5,33.53,36.38
48469,28534770.000000004,90989,100.5,46839780.00000001,782.625,41.3,33.61
48473,7191690.000000001,47049,17.473684210526315,21479610,69.84210526315789,60.61,52.51
48485,30889080,132148,45.130434782608695,72843750,571.5652173913044,48.74,35.19
48491,80088720,490619,52.18181818181818,284357580,287.54545454545456,48.4,43.23
48493,3431010,46444,10.4,12407580.000000002,53.1,47.74,46.08
48497,9726930,62089,23.5,46040580,69.5,56.3,45.61
49023,3272280,10507,8.5,3387720.0000000005,16.625,18.27,30.85
49043,14526570.000000002,39009,25.666666666666668,39201870,99.91666666666667,34.04,42.89
49045,12484170.000000002,61986,16.105263157894736,12466410.000000002,183.52631578947367,34.04,42.89
51003,18891090,104287,86.5,156094860.00000003,581.75,32.03,31.39
51007,1869240.0000000002,12793,15,7329330.000000001,134,51.64,44.88
51009,5677650.000000001,31999,21.5,22755000.000000004,78.125,36.19,25.45
51011,2444220.0000000005,15314,19,11986890.000000002,34.75,36.19,25.45
51013,65646510.00000001,226092,285,740024790,634.625,64.13,48.15
51019,7240530.000000001,76933,77,57928680.00000001,645.25,36.19,25.45
51023,5467860.000000001,33192,94,33264480.000000004,207.75,54.21,38.05
51031,6662220,55061,24.333333333333332,37541310.00000001,171.16666666666669,36.19,25.45
51036,873570,7086,10,8041950.000000001,29,51.64,44.88
51041,71864730.00000001,331839,475,396359910.00000006,5449.75,51.64,44.88
51045,947940,5195,8,3615270.0000000005,24.75,54.21,38.05
51049,1656120.0000000002,9769,16,8283930,85,51.64,44.88
51053,4353420,28155,39,28740120.000000004,179.5,51.64,44.88
51059,248058360.00000003,1132887,321,2846102160,1627.6000000000001,64.13,48.15
51061,18875550.000000004,68025,66.5,127527900.00000001,309.875,64.13,48.15
51065,2816070,26046,26,28517010.000000004,198.25,32.03,31.39
51067,6310350,56230,49,52146690,209.875,54.21,38.05
51069,12344310.000000002,82321,47.5,95333460,427.3125,34.4,39.67
51071,3956040.0000000005,16871,6.5,15053820.000000002,17.708333333333332,23.28,23.14
51073,5322450.000000001,37021,81,38406000,512,46.89,32.17
51075,2925960,21979,32,31788180.000000004,95.5,51.64,44.88
51079,3403260,19085,27,18126300.000000004,215.5,32.03,31.39
51085,26340300.000000004,102199,119.5,141051030,448.25,51.64,44.88
51087,76736520,321921,196.33333333333331,389767620.00000006,1003,51.64,44.88
51093,6379170.000000001,36027,22.333333333333332,44978310.00000001,123.83333333333333,46.89,32.17
51095,13547550.000000002,71900,94,122852580.00000001,790.25,46.89,32.17
51097,1399710,7140,12,6157170.000000001,57.5,51.64,44.88
51101,3196800,16156,14.5,22738350.000000004,53,51.64,44.88
51107,88322700.00000001,362435,135,923898510.0000001,631.125,64.13,48.15
51109,5907420,34350,31,52510770.00000001,116.875,51.64,44.88
51115,1759350.0000000002,8848,12,11499600,30.75,46.89,32.17
51121,24055920.000000004,97227,68.75,87641160,282.1875,23.28,23.14
51125,3211230.0000000005,14831,13,22160040,81.5,32.03,31.39
51127,2509710,20051,28,25421220,206,51.64,44.88
51143,7408140,62392,49.800000000000004,33346620.000000004,377.9,37.33,26.38
51145,4498830.000000001,28286,36,38387130.00000001,113.5,51.64,44.88
51149,6703290.000000001,37664,51,31388580,302,51.64,44.88
51153,109751250.00000001,443630,133.52941176470588,674334990.0000001,1004.7647058823529,64.13,48.15
51155,7059600,34417,27,27271590.000000004,218.41666666666666,23.28,23.14
51161,24149160.000000004,93655,79.5,131516130,644.375,54.21,38.05
51165,9170820.000000002,78427,11.857142857142858,76921890.00000001,26.42857142857143,35.56,45.24
51169,4607610.000000001,22378,12.333333333333332,12546330.000000002,57.083333333333336,40.22,20.44
51177,18237300.000000004,129181,156,161541630,1214.75,64.13,48.15
51179,24693060,139548,148,194920440.00000003,1441.75,64.13,48.15
51187,17879880,38807,43,39815700.00000001,185.75,64.13,48.15
51191,11238750.000000002,54562,22,39486030.00000001,104.33333333333334,40.22,20.44
51199,10169820.000000002,66919,99,86772030.00000001,531.75,46.89,32.17
51510,74386650.00000001,151473,315,406525290.00000006,1501.25,64.13,48.15
51520,9796860,17340,54,15446760.000000002,365.5,40.22,20.44
51540,18065250,45538,115,64130250.00000001,1029,32.03,31.39
51550,43994850.00000001,233194,376,329927520,5090,46.89,32.17
51570,4073700.0000000005,17554,50,23759550.000000004,221,51.64,44.88
51600,11990220.000000002,23620,63,68185080,311.25,64.13,48.15
51610,6983010,13597,33,49543740.00000001,86.25,64.13,48.15
51630,7940940.000000001,27853,47.285714285714285,37697820,475.85714285714283,64.13,48.15
51650,29857890.000000004,136789,121.5,162173220,1121.125,46.89,32.17
51660,8654670,51979,56,35719800,362.375,35.56,45.24
51670,5639910.000000001,22332,53,26065020.000000004,659.75,51.64,44.88
51680,19103100.000000004,78755,164,77434710,2273.75,36.19,25.45
51683,14760780,41149,91,70504980.00000001,744.25,64.13,48.15
51685,3977130.0000000005,15827,31,22681740,148.75,64.13,48.15
51700,51226500.00000001,181606,215.5,254581830.00000003,2140.875,46.89,32.17
51710,75720870.00000001,245724,196,280737870.00000006,1065.65,46.89,32.17
51730,13034730.000000002,31997,41,37061790,301.8333333333333,51.64,44.88
51735,2228880,12068,22,17988660,129.75,46.89,32.17
51740,39057570.00000001,96071,235,130512690.00000001,2717,46.89,32.17
51750,3993780,17186,27,8418240.000000002,183.25,23.28,23.14
51760,102192150.00000001,216773,191.71428571428572,291615870.00000006,793.25,51.64,44.88
51770,25537770,99329,136,117489060.00000001,2447.875,54.21,38.05
51775,7094010,25290,66,36052800,340,54.21,38.05
51800,22662870.000000004,87061,171,109703520,2155.75,46.89,32.17
51810,99078600,449733,813,604160790,6424.5,46.89,32.17
51830,4380060,14988,27,12903750.000000002,90.125,46.89,32.17
53003,4031520.0000000005,22113,9.333333333333332,7102890,90.41666666666667,23.94,15.58
53005,36738780.00000001,187519,46.4,58631310.00000001,421.15,29.52,46.16
53011,68316060.00000001,450893,52.375,178695570,509.5625,40.9,34.26
53015,25393470,102854,24.666666666666668,40755870,253.66666666666666,23.19,30.67
53021,12627360,87810,33.333333333333336,20506140.000000004,321.25,29.52,46.16
53035,40682610,257488,37.857142857142854,86879700.00000001,393.82142857142856,36.74,19.35
54005,6386940.000000001,23645,18,13756230.000000002,42.4,56.85,27.9
54011,21676080,96623,28.88888888888889,35881860,156.83333333333334,50.32,25.47
54027,3718500.0000000005,23455,10.428571428571429,6993000.000000001,45.42857142857143,34.4,39.67
54037,14116980.000000002,55531,12.388888888888888,14887320.000000002,35.888888888888886,64.13,48.15
54039,44764080,189636,38.09756097560976,71935770,335.5853658536585,56.85,27.9
54043,1006770.0000000001,21482,3,4073700.0000000005,10.799999999999999,56.85,27.9
54051,5636580.000000001,32296,12.647058823529413,13140180,74.29411764705883,49.23,21.6
54057,4484400.000000001,27606,8.666666666666666,7101780.000000001,46.583333333333336,51.87,34.66
54065,2636250.0000000005,17514,11,4190250,69.25,39.32,24.46
54069,16536780.000000002,43257,36.07692307692308,16804290,187.3846153846154,49.23,21.6
54073,974580,7612,6,3766230.0000000005,8.5,33.19,19.1
54077,2575200.0000000005,33793,9.375,6245970,33.25,35.8,28.75
54105,12210,5826,2,63270,10.75,33.19,19.1
54107,13462080.000000002,86262,32.733333333333334,21946920.000000004,193.4,33.19,19.1
55009,82530720,256621,49.090909090909086,193898130,207.72727272727272,46.41,52.08
55015,8432670,49653,11,27446970,30.1875,33.93,24.86
55021,16211550.000000002,56650,14.56,46174890.00000001,57.48,46.49,40.14
55035,36176010,101907,28,64582020.00000001,95.95833333333333,33.88,19.08
55049,6052830.000000001,23751,6.833333333333333,17980890.000000004,17.291666666666668,46.49,40.14
55059,61757070.00000001,167896,63.826086956521735,159997620.00000003,277.30434782608694,58.87,54.82
55079,455070030,955306,156.36144578313252,859966950.0000001,877.8795180722891,79.61,57.03
55087,47500230,181799,30.777777777777775,139757880,130.02777777777777,33.93,24.86
55089,26446860,87625,28.571428571428573,70383990,16.178571428571427,79.61,57.03
55101,81586110,194873,74.33333333333333,161952330.00000003,273,51.99,45
56025,23394360,80871,39,29653650,197.1875,20.63,18.13
